<?xml version='1.0' encoding='UTF-8'?>
<l:dependencies xmlns:l='licenses' groupId='io.jenkins.blueocean' artifactId='blueocean-events' version='1.27.16'><l:dependency name='Events API for Blue Ocean' groupId='io.jenkins.blueocean' artifactId='blueocean-events' version='1.27.16' url='https://github.com/jenkinsci/blueocean-plugin/blob/master/blueocean/doc/BlueOcean.adoc'><l:description>The Jenkins Plugins Parent POM Project</l:description><l:license name='MIT License' url='https://opensource.org/licenses/MIT'/></l:dependency><l:dependency name='Variant Plugin' groupId='org.jenkins-ci.plugins' artifactId='variant' version='60.v7290fc0eb_b_cd' url='https://github.com/jenkinsci/variant-plugin'><l:description>This user-invisible library plugin allows other multi-modal plugins to behave differently depending on where they run.</l:description><l:license name='MIT License' url='http://opensource.org/licenses/MIT'/></l:dependency><l:dependency name='Groovy Sandbox' groupId='org.kohsuke' artifactId='groovy-sandbox' version='1.33' url='https://github.com/jenkinsci/groovy-sandbox'><l:description>Executes untrusted Groovy script safely</l:description><l:license name='MIT License' url='https://opensource.org/licenses/MIT'/></l:dependency><l:dependency name='Jakarta Mail API' groupId='io.jenkins.plugins' artifactId='jakarta-mail-api' version='2.1.3-1' url='https://github.com/jenkinsci/jakarta-mail-api-plugin'><l:description>Plugin providing the Jakarta Mail API for other plugins</l:description><l:license name='EPL-2.0' url='https://opensource.org/licenses/EPL-2.0'/></l:dependency><l:dependency name='Gson API Plugin' groupId='io.jenkins.plugins' artifactId='gson-api' version='2.10.1-15.v0d99f670e0a_7' url='https://github.com/jenkinsci/gson-api-plugin'><l:description>The Jenkins Plugins Parent POM Project</l:description><l:license name='Apache License 2.0' url='https://www.apache.org/licenses/LICENSE-2.0'/></l:dependency><l:dependency name='Apache HttpClient Fluent API' groupId='org.apache.httpcomponents' artifactId='fluent-hc' version='4.5.14' url='http://hc.apache.org/httpcomponents-client-ga'><l:description>Apache HttpComponents Client fluent API</l:description><l:license name='Apache License, Version 2.0' url='http://www.apache.org/licenses/LICENSE-2.0.txt'/></l:dependency><l:dependency name='Mina SSHD API :: Core' groupId='io.jenkins.plugins.mina-sshd-api' artifactId='mina-sshd-api-core' version='2.12.1-101.v85b_e08b_780dd' url='https://github.com/jenkinsci/mina-sshd-api-plugin'><l:description>This plugin provides the Apache Mina SSHD Core library to plugins.</l:description><l:license name='The MIT license' url='https://opensource.org/licenses/MIT'/></l:dependency><l:dependency name='PuTTY support for Trilead SSH2 library' groupId='org.kohsuke' artifactId='trilead-putty-extension' version='1.2' url='http://trilead-putty-extension.kohsuke.org/'><l:description>Loads SSH key in the PuTTY format</l:description><l:license name='MIT license' url='http://www.opensource.org/licenses/mit-license.php'/></l:dependency><l:dependency name='JGit - Core' groupId='org.eclipse.jgit' artifactId='org.eclipse.jgit' version='6.9.0.202403050737-r' url='https://www.eclipse.org/jgit//org.eclipse.jgit'><l:description>Repository access and algorithms</l:description><l:license name='BSD-3-Clause' url='https://www.eclipse.org/org/documents/edl-v10.php'/></l:dependency><l:dependency name='Trilead API Plugin' groupId='org.jenkins-ci.plugins' artifactId='trilead-api' version='2.142.v748523a_76693' url='https://github.com/jenkinsci/trilead-api-plugin'><l:description>This plugin provides access to Trilead without having to bundle Trilead in Jenkins core</l:description><l:license name='The MIT license' url='https://opensource.org/licenses/MIT'/></l:dependency><l:dependency name='Script Security Plugin' groupId='org.jenkins-ci.plugins' artifactId='script-security' version='1335.vf07d9ce377a_e' url='https://github.com/jenkinsci/script-security-plugin'><l:description>The Jenkins Plugins Parent POM Project</l:description><l:license name='MIT License' url='https://opensource.org/licenses/MIT'/></l:dependency><l:dependency name='Apache Mina SSHD :: Common support utilities' groupId='org.apache.sshd' artifactId='sshd-common' version='2.12.1' url='https://www.apache.org/sshd/sshd-common/'><l:description>The Apache Software Foundation provides support for the Apache community of open-source software projects.
    The Apache projects are characterized by a collaborative, consensus based development process, an open and
    pragmatic software license, and a desire to create high quality software that leads the way in its field.
    We consider ourselves not simply a group of projects sharing a server, but rather a community of developers
    and users.</l:description><l:license name='Apache 2.0 License' url='https://www.apache.org/licenses/LICENSE-2.0'/></l:dependency><l:dependency name='Jenkins Mailer Plugin' groupId='org.jenkins-ci.plugins' artifactId='mailer' version='470.vc91f60c5d8e2' url='https://github.com/jenkinsci/mailer-plugin'><l:description>The Jenkins Plugins Parent POM Project</l:description><l:license name='The MIT license' url='https://opensource.org/licenses/MIT'/></l:dependency><l:dependency name='ASM API Plugin' groupId='io.jenkins.plugins' artifactId='asm-api' version='9.7-33.v4d23ef79fcc8' url='https://github.com/jenkinsci/asm-api-plugin'><l:description>The Jenkins Plugins Parent POM Project</l:description><l:license name='MIT License' url='https://opensource.org/license/mit/'/></l:dependency><l:dependency name='Mina SSHD API :: Common' groupId='io.jenkins.plugins.mina-sshd-api' artifactId='mina-sshd-api-common' version='2.12.1-101.v85b_e08b_780dd' url='https://github.com/jenkinsci/mina-sshd-api-plugin'><l:description>This plugin provides the Apache Mina SSHD Common library to plugins.</l:description><l:license name='The MIT license' url='https://opensource.org/licenses/MIT'/></l:dependency><l:dependency name='JOpt Simple' groupId='net.sf.jopt-simple' artifactId='jopt-simple' version='5.0.4' url='http://jopt-simple.github.io/jopt-simple'><l:description>A Java library for parsing command line options</l:description><l:license name='The MIT License' url='http://www.opensource.org/licenses/mit-license.php'/></l:dependency><l:dependency name='Jenkins Git client plugin' groupId='org.jenkins-ci.plugins' artifactId='git-client' version='4.7.0' url='https://github.com/jenkinsci/git-client-plugin'><l:description>The Jenkins Plugins Parent POM Project</l:description><l:license name='MIT License' url='https://opensource.org/licenses/MIT'/></l:dependency><l:dependency name='Ganymed SSH2 for Java' groupId='org.jenkins-ci' artifactId='trilead-ssh2' version='build-217-jenkins-274.276.v58da_75159cb_7' url='http://svn.svnkit.com/repos/3rdparty/com.trilead.ssh2/tags/1.0.0-build217/trilead-ssh2/'><l:description>Ganymed SSH2 for Java is a library which implements the SSH-2 protocol in pure Java</l:description><l:license name='BSD style license' url='http://www.ganymed.ethz.ch/ssh2/LICENSE.txt'/></l:dependency><l:dependency name='EdDSA-Java' groupId='net.i2p.crypto' artifactId='eddsa' version='0.3.0' url='https://github.com/str4d/ed25519-java'><l:description>Implementation of EdDSA in Java</l:description><l:license name='CC0 1.0 Universal' url='https://creativecommons.org/publicdomain/zero/1.0/'/></l:dependency><l:dependency name='Jakarta Mail API' groupId='jakarta.mail' artifactId='jakarta.mail-api' version='2.1.3' url='https://projects.eclipse.org/projects/ee4j/jakarta.mail-api'><l:description>Jakarta Mail API 2.1 Specification API</l:description><l:license name='EPL 2.0' url='http://www.eclipse.org/legal/epl-2.0'/><l:license name='GPL2 w/ CPE' url='https://www.gnu.org/software/classpath/license.html'/><l:license name='EDL 1.0' url='http://www.eclipse.org/org/documents/edl-v10.php'/></l:dependency><l:dependency name='SSH Credentials Plugin' groupId='org.jenkins-ci.plugins' artifactId='ssh-credentials' version='337.v395d2403ccd4' url='https://github.com/jenkinsci/ssh-credentials-plugin'><l:description>Allows storage of SSH credentials in Jenkins</l:description><l:license name='MIT License' url='https://opensource.org/licenses/MIT'/></l:dependency><l:dependency name='Pipeline: SCM Step' groupId='org.jenkins-ci.plugins.workflow' artifactId='workflow-scm-step' version='427.v4ca_6512e7df1' url='https://github.com/jenkinsci/workflow-scm-step-plugin'><l:description>The Jenkins Plugins Parent POM Project</l:description><l:license name='MIT License' url='https://opensource.org/licenses/MIT'/></l:dependency><l:dependency name='error-prone annotations' groupId='com.google.errorprone' artifactId='error_prone_annotations' version='2.18.0' url='https://errorprone.info/error_prone_annotations'><l:description>Error Prone is a static analysis tool for Java that catches common programming mistakes at compile-time.</l:description><l:license name='Apache 2.0' url='http://www.apache.org/licenses/LICENSE-2.0.txt'/></l:dependency><l:dependency name='JavaEWAH' groupId='com.googlecode.javaewah' artifactId='JavaEWAH' version='1.2.3' url='https://github.com/lemire/javaewah'><l:description>The bit array data structure is implemented in Java as the BitSet class. Unfortunately, this fails to scale without compression.
  JavaEWAH is a word-aligned compressed variant of the Java bitset class. It uses a 64-bit run-length encoding (RLE) compression scheme.
  The goal of word-aligned compression is not to achieve the best compression, but rather to improve query processing time. Hence, we try to save CPU cycles, maybe at the expense of storage. However, the EWAH scheme we implemented is always more efficient storage-wise than an uncompressed bitmap (implemented in Java as the BitSet class). Unlike some alternatives, javaewah does not rely on a patented scheme.</l:description><l:license name='Apache 2' url='http://www.apache.org/licenses/LICENSE-2.0.txt'/></l:dependency><l:dependency name='Apache HttpClient' groupId='org.apache.httpcomponents' artifactId='httpclient' version='4.5.14' url='http://hc.apache.org/httpcomponents-client-ga'><l:description>Apache HttpComponents Client</l:description><l:license name='Apache License, Version 2.0' url='http://www.apache.org/licenses/LICENSE-2.0.txt'/></l:dependency><l:dependency name='Tink Cryptography API' groupId='com.google.crypto.tink' artifactId='tink' version='1.10.0' url='http://github.com/tink-crypto/tink-java'><l:description>Tink is a small cryptographic library that provides a safe, simple, agile and fast way to accomplish some common cryptographic tasks.</l:description><l:license name='Apache License, Version 2.0' url='http://www.apache.org/licenses/LICENSE-2.0.txt'/></l:dependency><l:dependency name='Apache Mina SSHD :: Core' groupId='org.apache.sshd' artifactId='sshd-core' version='2.12.1' url='https://www.apache.org/sshd/sshd-core/'><l:description>The Apache Software Foundation provides support for the Apache community of open-source software projects.
    The Apache projects are characterized by a collaborative, consensus based development process, an open and
    pragmatic software license, and a desire to create high quality software that leads the way in its field.
    We consider ourselves not simply a group of projects sharing a server, but rather a community of developers
    and users.</l:description><l:license name='Apache 2.0 License' url='https://www.apache.org/licenses/LICENSE-2.0'/></l:dependency><l:dependency name='Angus Mail Provider' groupId='org.eclipse.angus' artifactId='angus-mail' version='2.0.3' url='http://eclipse-ee4j.github.io/angus-mail/angus-mail'><l:description>Angus Mail Provider</l:description><l:license name='EPL 2.0' url='http://www.eclipse.org/legal/epl-2.0'/><l:license name='GPL2 w/ CPE' url='https://www.gnu.org/software/classpath/license.html'/><l:license name='EDL 1.0' url='http://www.eclipse.org/org/documents/edl-v10.php'/></l:dependency><l:dependency name='JGit - Apache sshd-based SSH support' groupId='org.eclipse.jgit' artifactId='org.eclipse.jgit.ssh.apache' version='6.9.0.202403050737-r' url='https://www.eclipse.org/jgit//org.eclipse.jgit.ssh.apache'><l:description>SSH support for JGit based on Apache MINA sshd</l:description><l:license name='BSD-3-Clause' url='https://www.eclipse.org/org/documents/edl-v10.php'/></l:dependency><l:dependency name='Angus Activation Registries' groupId='org.eclipse.angus' artifactId='angus-activation' version='2.0.2' url='https://github.com/eclipse-ee4j/angus-activation/angus-activation'><l:description>Angus Activation Registries Implementation</l:description><l:license name='EDL 1.0' url='http://www.eclipse.org/org/documents/edl-v10.php'/></l:dependency><l:dependency name='JGit - HTTP Server' groupId='org.eclipse.jgit' artifactId='org.eclipse.jgit.http.server' version='6.9.0.202403050737-r' url='https://www.eclipse.org/jgit//org.eclipse.jgit.http.server'><l:description>Git aware HTTP server implementation.</l:description><l:license name='BSD-3-Clause' url='https://www.eclipse.org/org/documents/edl-v10.php'/></l:dependency><l:dependency name='Byte Buddy (without dependencies)' groupId='net.bytebuddy' artifactId='byte-buddy' version='1.14.9' url='https://bytebuddy.net/byte-buddy'><l:description>Byte Buddy is a Java library for creating Java classes at run time.
        This artifact is a build of Byte Buddy with all ASM dependencies repackaged into its own name space.</l:description><l:license name='Apache License, Version 2.0' url='https://www.apache.org/licenses/LICENSE-2.0.txt'/></l:dependency><l:dependency name='Apache HttpCore' groupId='org.apache.httpcomponents' artifactId='httpcore' version='4.4.16' url='http://hc.apache.org/httpcomponents-core-ga'><l:description>Apache HttpComponents Core (blocking I/O)</l:description><l:license name='Apache License, Version 2.0' url='http://www.apache.org/licenses/LICENSE-2.0.txt'/></l:dependency><l:dependency name='Jenkins Apache HttpComponents Client 4.x API Plugin' groupId='org.jenkins-ci.plugins' artifactId='apache-httpcomponents-client-4-api' version='4.5.14-208.v438351942757' url='https://github.com/jenkinsci/apache-httpcomponents-client-4-api-plugin'><l:description>Bundles Apache HttpComponents Client 4.x and allows it to be used by Jenkins plugins</l:description><l:license name='MIT License' url='https://opensource.org/licenses/MIT'/></l:dependency><l:dependency name='Jakarta Activation API' groupId='jakarta.activation' artifactId='jakarta.activation-api' version='2.1.3' url='https://github.com/jakartaee/jaf-api'><l:description>Jakarta Activation API 2.1 Specification</l:description><l:license name='EDL 1.0' url='http://www.eclipse.org/org/documents/edl-v10.php'/></l:dependency><l:dependency name='Apache HttpAsyncClient Cache' groupId='org.apache.httpcomponents' artifactId='httpasyncclient-cache' version='4.1.5' url='http://hc.apache.org/httpcomponents-asyncclient'><l:description>Apache HttpComponents AsyncClient Cache</l:description><l:license name='Apache License, Version 2.0' url='http://www.apache.org/licenses/LICENSE-2.0.txt'/></l:dependency><l:dependency name='JGit - Large File Storage' groupId='org.eclipse.jgit' artifactId='org.eclipse.jgit.lfs' version='6.9.0.202403050737-r' url='https://www.eclipse.org/jgit//org.eclipse.jgit.lfs'><l:description>JGit Large File Storage (LFS) implementation.</l:description><l:license name='BSD-3-Clause' url='https://www.eclipse.org/org/documents/edl-v10.php'/></l:dependency><l:dependency name='Apache HttpClient Cache' groupId='org.apache.httpcomponents' artifactId='httpclient-cache' version='4.5.14' url='http://hc.apache.org/httpcomponents-client-ga'><l:description>Apache HttpComponents HttpClient - Cache</l:description><l:license name='Apache License, Version 2.0' url='http://www.apache.org/licenses/LICENSE-2.0.txt'/></l:dependency><l:dependency name='Apache HttpCore NIO' groupId='org.apache.httpcomponents' artifactId='httpcore-nio' version='4.4.16' url='http://hc.apache.org/httpcomponents-core-ga'><l:description>Apache HttpComponents Core (non-blocking I/O)</l:description><l:license name='Apache License, Version 2.0' url='http://www.apache.org/licenses/LICENSE-2.0.txt'/></l:dependency><l:dependency name='Apache HttpClient Mime' groupId='org.apache.httpcomponents' artifactId='httpmime' version='4.5.14' url='http://hc.apache.org/httpcomponents-client-ga'><l:description>Apache HttpComponents HttpClient - MIME coded entities</l:description><l:license name='Apache License, Version 2.0' url='http://www.apache.org/licenses/LICENSE-2.0.txt'/></l:dependency><l:dependency name='Gson' groupId='com.google.code.gson' artifactId='gson' version='2.10.1' url='https://github.com/google/gson/gson'><l:description>Gson JSON library</l:description><l:license name='Apache-2.0' url='https://www.apache.org/licenses/LICENSE-2.0.txt'/></l:dependency><l:dependency name='Credentials Binding Plugin' groupId='org.jenkins-ci.plugins' artifactId='credentials-binding' version='657.v2b_19db_7d6e6d' url='https://github.com/jenkinsci/credentials-binding-plugin'><l:description>The Jenkins Plugins Parent POM Project</l:description><l:license name='MIT' url='https://opensource.org/licenses/MIT'/></l:dependency><l:dependency name='Structs Plugin' groupId='org.jenkins-ci.plugins' artifactId='structs' version='337.v1b_04ea_4df7c8' url='https://github.com/jenkinsci/structs-plugin'><l:description>Library plugin for DSL plugins that need names for Jenkins objects.</l:description><l:license name='MIT License' url='https://opensource.org/licenses/MIT'/></l:dependency><l:dependency name='Jakarta Activation API' groupId='io.jenkins.plugins' artifactId='jakarta-activation-api' version='2.1.3-1' url='https://github.com/jenkinsci/jakarta-activation-api-plugin'><l:description>Plugin providing the Jakarta Activation API for other plugins</l:description><l:license name='BSD-3-Clause' url='https://opensource.org/licenses/BSD-3-Clause'/></l:dependency><l:dependency name='JGit - Apache httpclient based HTTP support' groupId='org.eclipse.jgit' artifactId='org.eclipse.jgit.http.apache' version='6.9.0.202403050737-r' url='https://www.eclipse.org/jgit//org.eclipse.jgit.http.apache'><l:description>Apache httpclient based HTTP support</l:description><l:license name='BSD-3-Clause' url='https://www.eclipse.org/org/documents/edl-v10.php'/></l:dependency><l:dependency name='Apache HttpAsyncClient' groupId='org.apache.httpcomponents' artifactId='httpasyncclient' version='4.1.5' url='http://hc.apache.org/httpcomponents-asyncclient'><l:description>Apache HttpComponents AsyncClient</l:description><l:license name='Apache License, Version 2.0' url='http://www.apache.org/licenses/LICENSE-2.0.txt'/></l:dependency></l:dependencies>