<?xml version='1.0' encoding='UTF-8'?>
<l:dependencies xmlns:l='licenses' groupId='io.jenkins.blueocean' artifactId='blueocean-git-pipeline' version='1.27.16'><l:dependency name='Git Pipeline for Blue Ocean' groupId='io.jenkins.blueocean' artifactId='blueocean-git-pipeline' version='1.27.16' url='https://github.com/jenkinsci/blueocean-plugin/blob/master/blueocean/doc/BlueOcean.adoc'><l:description>The Jenkins Plugins Parent POM Project</l:description><l:license name='MIT License' url='https://opensource.org/licenses/MIT'/></l:dependency><l:dependency name='JSch' groupId='com.jcraft' artifactId='jsch' version='0.1.55' url='http://www.jcraft.com/jsch/'><l:description>JSch is a pure Java implementation of SSH2</l:description><l:license name='Revised BSD' url='http://www.jcraft.com/jsch/LICENSE.txt'/></l:dependency><l:dependency name='ASM API Plugin' groupId='io.jenkins.plugins' artifactId='asm-api' version='9.7-33.v4d23ef79fcc8' url='https://github.com/jenkinsci/asm-api-plugin'><l:description>The Jenkins Plugins Parent POM Project</l:description><l:license name='MIT License' url='https://opensource.org/license/mit/'/></l:dependency><l:dependency name='JOpt Simple' groupId='net.sf.jopt-simple' artifactId='jopt-simple' version='5.0.4' url='http://jopt-simple.github.io/jopt-simple'><l:description>A Java library for parsing command line options</l:description><l:license name='The MIT License' url='http://www.opensource.org/licenses/mit-license.php'/></l:dependency><l:dependency name='JGit - JSch-based SSH support' groupId='org.eclipse.jgit' artifactId='org.eclipse.jgit.ssh.jsch' version='6.9.0.202403050737-r' url='https://www.eclipse.org/jgit//org.eclipse.jgit.ssh.jsch'><l:description>SSH support for JGit based on JSch</l:description><l:license name='BSD-3-Clause' url='https://www.eclipse.org/org/documents/edl-v10.php'/></l:dependency><l:dependency name='Byte Buddy (without dependencies)' groupId='net.bytebuddy' artifactId='byte-buddy' version='1.14.9' url='https://bytebuddy.net/byte-buddy'><l:description>Byte Buddy is a Java library for creating Java classes at run time.
        This artifact is a build of Byte Buddy with all ASM dependencies repackaged into its own name space.</l:description><l:license name='Apache License, Version 2.0' url='https://www.apache.org/licenses/LICENSE-2.0.txt'/></l:dependency><l:dependency name='JZlib' groupId='com.jcraft' artifactId='jzlib' version='1.1.3-kohsuke-1' url='http://www.jcraft.com/jzlib/'><l:description>JZlib is a re-implementation of zlib in pure Java</l:description><l:license name='BSD' url='http://www.jcraft.com/jzlib/LICENSE.txt'/></l:dependency></l:dependencies>