<?xml version='1.0' encoding='UTF-8'?>
<l:dependencies xmlns:l='licenses' groupId='org.jenkins-ci.plugins' artifactId='sse-gateway' version='1.26'><l:dependency name='Server Sent Events (SSE) Gateway Plugin' groupId='org.jenkins-ci.plugins' artifactId='sse-gateway' version='1.26' url='https://github.com/jenkinsci/sse-gateway-plugin'><l:description>Server Sent Events (SSE) Gateway Plugin</l:description><l:license name='MIT License' url='https://opensource.org/licenses/MIT'/></l:dependency><l:dependency name='FindBugs-jsr305' groupId='com.google.code.findbugs' artifactId='jsr305' version='3.0.1' url='http://findbugs.sourceforge.net/'><l:description>JSR305 Annotations for Findbugs</l:description><l:license name='The Apache Software License, Version 2.0' url='http://www.apache.org/licenses/LICENSE-2.0.txt'/></l:dependency><l:dependency name='SpotBugs Annotations' groupId='com.github.spotbugs' artifactId='spotbugs-annotations' version='4.7.1' url='https://spotbugs.github.io/'><l:description>Annotations the SpotBugs tool supports</l:description><l:license name='GNU LESSER GENERAL PUBLIC LICENSE, Version 2.1' url='https://www.gnu.org/licenses/old-licenses/lgpl-2.1.en.html'/></l:dependency></l:dependencies>