<?xml version='1.0' encoding='UTF-8'?>
<l:dependencies xmlns:l='licenses' groupId='org.jenkins-ci.plugins' artifactId='blueocean-display-url' version='2.4.2'><l:dependency name='Display URL for Blue Ocean' groupId='org.jenkins-ci.plugins' artifactId='blueocean-display-url' version='2.4.2' url='https://github.com/jenkinsci/blueocean-display-url-plugin'><l:description>Provides an implementation of the display url plugin for BlueOcean URLs</l:description><l:license name='MIT License' url='http://opensource.org/licenses/MIT'/></l:dependency><l:dependency name='Script Security Plugin' groupId='org.jenkins-ci.plugins' artifactId='script-security' version='1229.v4880b_b_e905a_6' url='https://github.com/jenkinsci/script-security-plugin'><l:description>Allows Jenkins administrators to control what in-process scripts can be run by less-privileged users.</l:description><l:license name='MIT License' url='https://opensource.org/licenses/MIT'/></l:dependency><l:dependency name='Folders Plugin' groupId='org.jenkins-ci.plugins' artifactId='cloudbees-folder' version='6.758.vfd75d09eea_a_1' url='https://github.com/jenkinsci/cloudbees-folder-plugin/'><l:description>This plugin allows users to create "folders" to organize jobs. Users can define custom taxonomies (like
    by project type, organization type etc). Folders are nestable and you can define views within folders. Maintained by CloudBees, Inc.</l:description><l:license name='MIT' url='https://opensource.org/licenses/MIT'/></l:dependency><l:dependency name='Groovy Sandbox' groupId='org.kohsuke' artifactId='groovy-sandbox' version='1.32' url='https://github.com/jenkinsci/groovy-sandbox'><l:description>Executes untrusted Groovy script safely</l:description><l:license name='MIT License' url='https://opensource.org/licenses/MIT'/></l:dependency></l:dependencies>